"MachineName","Event","Message"
"QuFts-18981-jbtIr","lDPkufNhRB","NfiDOlzWph"
"rYBxw-44266-EfFgz","GvxjkKPJqN","wDTCGoJFcA"
"REKHN-48141-Ttpko","dBoNwkTASu","cgAFzLxRsI"
"MYSGb-75005-ItFXP","KhcvotIayx","irTLhuVEZo"
"XWrof-44773-etPWo","jhknMWRELH","WhLIMcFdlt"
"VKuWx-91283-UdaXv","SmstjgwvoI","SDzETqybWp"
"iuwHq-44214-nEJTd","RCwYzTnqDV","yPbcNYSpDh"
"iSUAD-89227-kIhia","qdgtJNHjkb","fFUrxMZRYI"
"QsCJU-96942-FVhGX","DzBAVpuhNL","ZUGJErkOtX"
"UCyGp-21730-WSLeY","fgySENsIFM","hgszSovHGc"
"CtQds-43232-LkWnU","YGTSmtDwhb","bTZhMASPcX"
"rHVqd-51529-IJbBt","dqgbzZTiKX","bqWQUaDHZo"
"jqsgS-64548-SPanb","amDZSiztPI","zohOBUvyPj"
"HDLTB-60701-bgpIf","HawOlyQLuE","sIbtOPxYwC"
"lJrkK-88167-AcdDT","qNKbwXnIkO","YZFRGMLKWV"
"uVJIa-41791-exauf","nHTYosQOxJ","ZXvrMSHBfQ"
"lHFZB-57422-aBiWA","jiyxWqSRrz","ALBEQpHois"
"ZYzwU-39855-WXuSZ","DwpYFanVjM","nUZLtgRhuM"
"wrTHP-67979-ZgKql","nYlLWeHIZk","AhRYUPprLx"
"VIWJr-65845-DNvOI","NIcHwfGDCh","KEVmivrgIk"
"GtWVm-31421-EJvxg","CsypJwjdSZ","uBkSOEyfVI"
"WCnRB-53062-xAMNd","xMaCjscLIP","mvUJcrYqjA"
"vVcHL-28856-UAEzW","AJntkEOcsw","LCYgrvdAzy"
"pStTf-86771-HyCJS","UbkosxGScV","GtdgbkljKS"
"ydutr-59049-PHOhQ","ZzLKHOquUB","GkfvICQWil"
"xEbHh-76819-lBytz","wsfIobYlRa","OTkoeREdsH"
"kiZLF-74246-JKIkv","BJsFrCyGio","sokcgHdClY"
"CHVad-6729-nGphr","YLDebRGzdM","hvtzeRBLFX"
"XQFjN-37841-MAZqo","QrUSHcbkuy","VRhEqIjZQP"
"OuPvH-81420-fpyjO","wXukvhjDFe","iMEIsdbGWC"
"zDVqx-62054-PGXis","yRhICmPLQg","CmgWxSZaoz"
"AwRHF-10719-vXhIc","MyBVEJdnFQ","CTVXjvJLyc"
"IvypL-2355-wmOrQ","DjQYyIzNnm","WpTmJFfXMs"
"tfjSn-31936-uqlWm","JNxeAoIXrg","NmPUbopBGJ"
"wXmka-36947-oMlcV","OkNdnwgMuK","hUEWcuBVQm"
"OqzEr-42452-DfOjI","pOtjwcquFB","arWtTRJVbX"
"iDmMY-91287-RsbBI","vDYxhjqgZA","ZDIoPBtfMH"
"djRVO-46746-zBvlg","BXSFwglinz","PmEFDrGTxX"
"QDJvB-76586-zCRLT","ScQrauBNWb","wamGIkBNZx"
"neaJQ-51114-QZTRr","tKdxQyqgST","jfYbWQpZPM"
"URjtZ-74475-Hhtns","UJuZKSraAp","LylxGYBHeK"
"pnahe-18385-HxPov","FHOfKLUhbN","dEsxpQNbUe"
"cfRsn-8626-aQiTw","pSmILYzKwy","kGYXlQEUAN"
"ANBIY-26959-axgZN","fHgPnSCzQZ","AMbFqGCpSI"
"xzOCA-11897-zxIji","DTFWthXiHg","YXsKjWrFAS"
"xCJlk-58734-uJGlX","KqVvsfaNFY","hBESbDCrtU"
"DoKPu-856-ULxDY","lTPywDfVzc","QbIDFyZhOK"
"HCPxd-68865-Sdxra","wJdteBocVW","yJMxWbeHKa"
"vibVY-99855-OckpI","AntogzrJCU","LESgTeQNbG"
"QycOI-89719-FDNyk","InUqCurmaL","FnczDwAlbT"
"YSpzw-61610-TxnvA","XjOTnvERzF","CvZRTmfUXl"
"unRQB-59488-HwRbk","lgPLcZfTHB","MZUjHSVJFq"
"NUwSc-44217-uBYhm","jnRiqfXmoL","gSxWDJvuiz"
"ZlaEQ-73980-nwbPv","XgkneQLjqE","XmsKBVexQc"
"XZwcT-54635-lOFNT","NGJkfUniDK","kUETFnxhtg"
"QfUSp-14485-seNRB","nfpiUZPdWV","BcRaeYgIJh"
"Sbnjl-19771-AXqFg","YGwJzoyBVQ","dsfLcVmwvC"
"dyHxB-65611-BanyC","eaFCidmuAW","lyDnLSvRPC"
"FsVxd-89321-XkMZK","VGMcTrDHtv","zrXtvdWIjP"
"eqHAJ-46643-chwiP","FMKugGaiQy","SwgHaeuqiQ"
"CirGy-4622-JOgjK","pJAXIVQTdY","cjsLmdoGRX"
"gbONH-51417-vygCe","gtMXhUlpBa","vSPHewgXBV"
"rSzys-25961-dhZcg","IUWwgSxrBD","rQcsSTNEbv"
"nFmQd-92849-BPGFb","lLeXPNiYna","qLtMUsulgv"
"EbwPg-98214-aeNqt","igZXanUKrx","BdQrHEucpK"
"szeIV-80665-IusGt","KZgEDeUGXP","OfBmpjHRUg"
"JvdIm-65816-XInFd","HQxqofDlAE","SrgFhucpoU"
"CKmxi-10784-UoQRp","RipaIUPxzv","dGDCBPbkhm"
"mBRFp-28904-sJzBI","UoAimZKJrB","zpkWvGwTHf"
"sdeWf-41325-taZIR","VuWzCkTjFX","vjNySnXgMJ"
"iySZR-26874-ZtVXd","EKQfUadgvn","vxQTtDgCea"
"yCfBJ-51371-MIpWG","EWwdqOLbMh","OMZkzDGRct"
"cqkax-40332-drvmD","uymVfoHEJR","zXSOIwqBxl"
"kyXWn-91051-yvGBS","vamYpywNTK","afMTHnFoOg"
"bZnAY-24913-ktoEi","CRbSjcNnDK","FIgAZaTfrN"
"AMste-18360-aeMXP","FoqaKVWDEC","SnRtzufJXP"
"gMdyU-60655-CtcaA","PVJDBrMiSb","mBJXLVZTqP"
"XfmeB-7791-wmvUh","yzXKDPtuJA","crayfJPGZV"
"jzFOG-73750-HGOZD","CgypMrHaVO","DtQKUsyqmF"
"GIqyR-71995-KbASY","YAvOaRTmep","yCITDAtWls"
"CrwSO-16181-CtDZm","jJUDbwaBYE","QbcAGHSOYT"
"orYWA-81553-yUbBl","NLnUiGrpaO","tEUraqAbTv"
"EiAWu-37295-kUZxT","PYeXbEsKJc","FPXTNojkOW"
"oZanh-16172-WSjxs","rknRWjaFOA","VufhZSeoXB"
"MyHNp-95622-QonRC","WXYVuxEenc","AnCaBZpfjm"
"swtYa-88171-mGhWx","dbFvXtyjDx","tKBEWMaoxr"
"hntpO-88636-KlUMX","ytjOpQzBfU","mtzrQncNZa"
"cSndL-19859-xsPdY","AFJClukqTe","TMmnoBdWHI"
"BarpG-34254-GiNjb","kcdIixreWZ","kVMBEOohxb"
"mjaxP-9272-ukxVZ","tXapgHxQIl","OJYSQxnCXy"
"IAsvj-45972-ezNxW","XoiFZPECTv","KdaOBPFsvG"
"BSGJo-29670-GcaVJ","SdRqzoAlnC","ZXSqTrdNlk"
"yNHcC-61023-rQloN","txFWyVeNsB","esDlxFQztf"
"EIrpD-29274-kuYzT","wIaFpndDUW","IZOslyDkLP"
"pIaeg-50055-TIAwi","SRCiYAghGk","mEKiCsqczG"
"kmwUz-84687-VMFbu","LpuIbseDxG","GnARPxIOql"
"jwJzL-42098-MiowT","IxWQXUqEfG","SiGqbQnHvf"
"aDGQM-88349-OSjrd","sXZcHtVpEb","QoOnfFvjYB"
"lJjSE-94645-pnloK","ORUqXkvltp","OPQMcViqSF"
"TZeNb-7121-zpXNR","XSmJpAZORv","YAeKdMQbRX"
